Bina_ID,Bina_Yasi,Zemin_Sinifi,Kat_Sayisi,Alinan_Guclendirme_Butcesi_TL,Guncel_Hasar_Puani_Yuzde,Gereken_Is_Yuku_Adam_Saat
1,6,2,2,500000.0,12.4,2.0
2,7,3,3,500000.0,11.13,2.0
3,8,4,4,500000.0,9.87,2.0
4,9,1,5,500000.0,19.27,2.0
5,10,2,6,500000.0,18.0,2.0
6,11,3,7,500000.0,16.73,2.0
7,12,4,8,500000.0,15.47,2.0
8,13,1,1,500000.0,16.87,2.0
9,14,2,2,500000.0,15.6,2.0
10,15,3,3,500000.0,14.33,2.0
11,16,4,4,500000.0,13.07,2.0
12,17,1,5,500000.0,22.47,35.23
13,18,2,6,500000.0,21.2,34.6
14,19,3,7,500000.0,19.93,2.0
15,20,4,8,500000.0,18.67,2.0
16,21,1,1,500000.0,20.07,34.03
17,22,2,2,500000.0,18.8,2.0
18,23,3,3,500000.0,17.53,2.0
19,24,4,4,500000.0,16.27,2.0
20,25,1,5,500000.0,25.67,36.83
21,26,2,6,500000.0,24.4,36.2
22,27,3,7,500000.0,23.13,35.57
23,28,4,8,500000.0,21.87,34.93
24,29,1,1,500000.0,23.27,35.63
25,30,2,2,500000.0,22.0,35.0
26,31,3,3,500000.0,20.73,34.37
27,32,4,4,500000.0,19.47,2.0
28,33,1,5,500000.0,28.87,38.43
29,34,2,6,500000.0,27.6,37.8
30,35,3,7,500000.0,26.33,37.17
31,36,4,8,500000.0,25.07,36.53
32,37,1,1,500000.0,26.47,37.23
33,38,2,2,500000.0,25.2,36.6
34,39,3,3,500000.0,23.93,35.97
35,40,4,4,500000.0,22.67,35.33
36,41,1,5,500000.0,32.07,40.03
37,42,2,6,500000.0,30.8,39.4
38,43,3,7,500000.0,29.53,38.77
39,44,4,8,500000.0,28.27,38.13
40,5,1,1,500000.0,13.67,2.0
41,6,2,2,500000.0,12.4,2.0
42,7,3,3,500000.0,11.13,2.0
43,8,4,4,500000.0,9.87,2.0
44,9,1,5,500000.0,19.27,2.0
45,10,2,6,500000.0,18.0,2.0
46,11,3,7,500000.0,16.73,2.0
47,12,4,8,500000.0,15.47,2.0
48,13,1,1,500000.0,16.87,2.0
49,14,2,2,500000.0,15.6,2.0
50,15,3,3,500000.0,14.33,2.0
51,16,4,4,500000.0,13.07,2.0
52,17,1,5,500000.0,22.47,35.23
53,18,2,6,500000.0,21.2,34.6
54,19,3,7,500000.0,19.93,2.0
55,20,4,8,500000.0,18.67,2.0
56,21,1,1,500000.0,20.07,34.03
57,22,2,2,500000.0,18.8,2.0
58,23,3,3,500000.0,17.53,2.0
59,24,4,4,500000.0,16.27,2.0
60,25,1,5,500000.0,25.67,36.83
61,26,2,6,500000.0,24.4,36.2
62,27,3,7,500000.0,23.13,35.57
63,28,4,8,500000.0,21.87,34.93
64,29,1,1,500000.0,23.27,35.63
65,30,2,2,500000.0,22.0,35.0
66,31,3,3,500000.0,20.73,34.37
67,32,4,4,500000.0,19.47,2.0
68,33,1,5,500000.0,28.87,38.43
69,34,2,6,500000.0,27.6,37.8
70,35,3,7,500000.0,26.33,37.17
71,36,4,8,500000.0,25.07,36.53
72,37,1,1,500000.0,26.47,37.23
73,38,2,2,500000.0,25.2,36.6
74,39,3,3,500000.0,23.93,35.97
75,40,4,4,500000.0,22.67,35.33
76,41,1,5,500000.0,32.07,40.03
77,42,2,6,500000.0,30.8,39.4
78,43,3,7,500000.0,29.53,38.77
79,44,4,8,500000.0,28.27,38.13
80,5,1,1,500000.0,13.67,2.0
81,6,2,2,500000.0,12.4,2.0
82,7,3,3,500000.0,11.13,2.0
83,8,4,4,500000.0,9.87,2.0
84,9,1,5,500000.0,19.27,2.0
85,10,2,6,500000.0,18.0,2.0
86,11,3,7,500000.0,16.73,2.0
87,12,4,8,500000.0,15.47,2.0
88,13,1,1,500000.0,16.87,2.0
89,14,2,2,500000.0,15.6,2.0
90,15,3,3,500000.0,14.33,2.0
91,16,4,4,500000.0,13.07,2.0
92,17,1,5,500000.0,22.47,35.23
93,18,2,6,500000.0,21.2,34.6
94,19,3,7,500000.0,19.93,2.0
95,20,4,8,500000.0,18.67,2.0
96,21,1,1,500000.0,20.07,34.03
97,22,2,2,500000.0,18.8,2.0
98,23,3,3,500000.0,17.53,2.0
99,24,4,4,500000.0,16.27,2.0
100,25,1,5,500000.0,25.67,36.83
101,26,2,6,500000.0,24.4,36.2
102,27,3,7,500000.0,23.13,35.57
103,28,4,8,500000.0,21.87,34.93
104,29,1,1,500000.0,23.27,35.63
105,30,2,2,500000.0,22.0,35.0
106,31,3,3,500000.0,20.73,34.37
107,32,4,4,500000.0,19.47,2.0
108,33,1,5,500000.0,28.87,38.43
109,34,2,6,500000.0,27.6,37.8
110,35,3,7,500000.0,26.33,37.17
111,36,4,8,500000.0,25.07,36.53
112,37,1,1,500000.0,26.47,37.23
113,38,2,2,500000.0,25.2,36.6
114,39,3,3,500000.0,23.93,35.97
115,40,4,4,500000.0,22.67,35.33
116,41,1,5,500000.0,32.07,40.03
117,42,2,6,500000.0,30.8,39.4
118,43,3,7,500000.0,29.53,38.77
119,44,4,8,500000.0,28.27,38.13
120,5,1,1,500000.0,13.67,2.0
121,6,2,2,500000.0,12.4,2.0
122,7,3,3,500000.0,11.13,2.0
123,8,4,4,500000.0,9.87,2.0
124,9,1,5,500000.0,19.27,2.0
125,10,2,6,500000.0,18.0,2.0
126,11,3,7,500000.0,16.73,2.0
127,12,4,8,500000.0,15.47,2.0
128,13,1,1,500000.0,16.87,2.0
129,14,2,2,500000.0,15.6,2.0
130,15,3,3,500000.0,14.33,2.0
131,16,4,4,500000.0,13.07,2.0
132,17,1,5,500000.0,22.47,35.23
133,18,2,6,500000.0,21.2,34.6
134,19,3,7,500000.0,19.93,2.0
135,20,4,8,500000.0,18.67,2.0
136,21,1,1,500000.0,20.07,34.03
137,22,2,2,500000.0,18.8,2.0
138,23,3,3,500000.0,17.53,2.0
139,24,4,4,500000.0,16.27,2.0
140,25,1,5,500000.0,25.67,36.83
141,26,2,6,500000.0,24.4,36.2
142,27,3,7,500000.0,23.13,35.57
143,28,4,8,500000.0,21.87,34.93
144,29,1,1,500000.0,23.27,35.63
145,30,2,2,500000.0,22.0,35.0
146,31,3,3,500000.0,20.73,34.37
147,32,4,4,500000.0,19.47,2.0
148,33,1,5,500000.0,28.87,38.43
149,34,2,6,500000.0,27.6,37.8
150,35,3,7,500000.0,26.33,37.17
151,36,4,8,500000.0,25.07,36.53
152,37,1,1,500000.0,26.47,37.23
153,38,2,2,500000.0,25.2,36.6
154,39,3,3,500000.0,23.93,35.97
155,40,4,4,500000.0,22.67,35.33
156,41,1,5,500000.0,32.07,40.03
157,42,2,6,500000.0,30.8,39.4
158,43,3,7,500000.0,29.53,38.77
159,44,4,8,500000.0,28.27,38.13
160,5,1,1,500000.0,13.67,2.0
161,6,2,2,500000.0,12.4,2.0
162,7,3,3,500000.0,11.13,2.0
163,8,4,4,500000.0,9.87,2.0
164,9,1,5,500000.0,19.27,2.0
165,10,2,6,500000.0,18.0,2.0
166,11,3,7,500000.0,16.73,2.0
167,12,4,8,500000.0,15.47,2.0
168,13,1,1,500000.0,16.87,2.0
169,14,2,2,500000.0,15.6,2.0
170,15,3,3,500000.0,14.33,2.0
171,16,4,4,500000.0,13.07,2.0
172,17,1,5,500000.0,22.47,35.23
173,18,2,6,500000.0,21.2,34.6
174,19,3,7,500000.0,19.93,2.0
175,20,4,8,500000.0,18.67,2.0
176,21,1,1,500000.0,20.07,34.03
177,22,2,2,500000.0,18.8,2.0
178,23,3,3,500000.0,17.53,2.0
179,24,4,4,500000.0,16.27,2.0
180,25,1,5,500000.0,25.67,36.83
181,26,2,6,500000.0,24.4,36.2
182,27,3,7,500000.0,23.13,35.57
183,28,4,8,500000.0,21.87,34.93
184,29,1,1,500000.0,23.27,35.63
185,30,2,2,500000.0,22.0,35.0
186,31,3,3,500000.0,20.73,34.37
187,32,4,4,500000.0,19.47,2.0
188,33,1,5,500000.0,28.87,38.43
189,34,2,6,500000.0,27.6,37.8
190,35,3,7,500000.0,26.33,37.17
191,36,4,8,500000.0,25.07,36.53
192,37,1,1,500000.0,26.47,37.23
193,38,2,2,500000.0,25.2,36.6
194,39,3,3,500000.0,23.93,35.97
195,40,4,4,500000.0,22.67,35.33
196,41,1,5,500000.0,32.07,40.03
197,42,2,6,500000.0,30.8,39.4
198,43,3,7,500000.0,29.53,38.77
199,44,4,8,500000.0,28.27,38.13
200,5,1,1,500000.0,13.67,2.0
201,6,2,2,500000.0,12.4,2.0
202,7,3,3,500000.0,11.13,2.0
203,8,4,4,500000.0,9.87,2.0
204,9,1,5,500000.0,19.27,2.0
205,10,2,6,500000.0,18.0,2.0
206,11,3,7,500000.0,16.73,2.0
207,12,4,8,500000.0,15.47,2.0
208,13,1,1,500000.0,16.87,2.0
209,14,2,2,500000.0,15.6,2.0
210,15,3,3,500000.0,14.33,2.0
211,16,4,4,500000.0,13.07,2.0
212,17,1,5,500000.0,22.47,35.23
213,18,2,6,500000.0,21.2,34.6
214,19,3,7,500000.0,19.93,2.0
215,20,4,8,500000.0,18.67,2.0
216,21,1,1,500000.0,20.07,34.03
217,22,2,2,500000.0,18.8,2.0
218,23,3,3,500000.0,17.53,2.0
219,24,4,4,500000.0,16.27,2.0
220,25,1,5,500000.0,25.67,36.83
221,26,2,6,500000.0,24.4,36.2
222,27,3,7,500000.0,23.13,35.57
223,28,4,8,500000.0,21.87,34.93
224,29,1,1,500000.0,23.27,35.63
225,30,2,2,500000.0,22.0,35.0
226,31,3,3,500000.0,20.73,34.37
227,32,4,4,500000.0,19.47,2.0
228,33,1,5,500000.0,28.87,38.43
229,34,2,6,500000.0,27.6,37.8
230,35,3,7,500000.0,26.33,37.17
231,36,4,8,500000.0,25.07,36.53
232,37,1,1,500000.0,26.47,37.23
233,38,2,2,500000.0,25.2,36.6
234,39,3,3,500000.0,23.93,35.97
235,40,4,4,500000.0,22.67,35.33
236,41,1,5,500000.0,32.07,40.03
237,42,2,6,500000.0,30.8,39.4
238,43,3,7,500000.0,29.53,38.77
239,44,4,8,500000.0,28.27,38.13
240,5,1,1,500000.0,13.67,2.0
241,6,2,2,500000.0,12.4,2.0
242,7,3,3,500000.0,11.13,2.0
243,8,4,4,500000.0,9.87,2.0
244,9,1,5,500000.0,19.27,2.0
245,10,2,6,500000.0,18.0,2.0
246,11,3,7,500000.0,16.73,2.0
247,12,4,8,500000.0,15.47,2.0
248,13,1,1,500000.0,16.87,2.0
249,14,2,2,500000.0,15.6,2.0
250,15,3,3,500000.0,14.33,2.0
251,16,4,4,500000.0,13.07,2.0
252,17,1,5,500000.0,22.47,35.23
253,18,2,6,500000.0,21.2,34.6
254,19,3,7,500000.0,19.93,2.0
255,20,4,8,500000.0,18.67,2.0
256,21,1,1,500000.0,20.07,34.03
257,22,2,2,500000.0,18.8,2.0
258,23,3,3,500000.0,17.53,2.0
259,24,4,4,500000.0,16.27,2.0
260,25,1,5,500000.0,25.67,36.83
261,26,2,6,500000.0,24.4,36.2
262,27,3,7,500000.0,23.13,35.57
263,28,4,8,500000.0,21.87,34.93
264,29,1,1,500000.0,23.27,35.63
265,30,2,2,500000.0,22.0,35.0
266,31,3,3,500000.0,20.73,34.37
267,32,4,4,500000.0,19.47,2.0
268,33,1,5,500000.0,28.87,38.43
269,34,2,6,500000.0,27.6,37.8
270,35,3,7,500000.0,26.33,37.17
271,36,4,8,500000.0,25.07,36.53
272,37,1,1,500000.0,26.47,37.23
273,38,2,2,500000.0,25.2,36.6
274,39,3,3,500000.0,23.93,35.97
275,40,4,4,500000.0,22.67,35.33
276,41,1,5,500000.0,32.07,40.03
277,42,2,6,500000.0,30.8,39.4
278,43,3,7,500000.0,29.53,38.77
279,44,4,8,500000.0,28.27,38.13
280,5,1,1,500000.0,13.67,2.0
281,6,2,2,500000.0,12.4,2.0
282,7,3,3,500000.0,11.13,2.0
283,8,4,4,500000.0,9.87,2.0
284,9,1,5,500000.0,19.27,2.0
285,10,2,6,500000.0,18.0,2.0
286,11,3,7,500000.0,16.73,2.0
287,12,4,8,500000.0,15.47,2.0
288,13,1,1,500000.0,16.87,2.0
289,14,2,2,500000.0,15.6,2.0
290,15,3,3,500000.0,14.33,2.0
291,16,4,4,500000.0,13.07,2.0
292,17,1,5,500000.0,22.47,35.23
293,18,2,6,500000.0,21.2,34.6
294,19,3,7,500000.0,19.93,2.0
295,20,4,8,500000.0,18.67,2.0
296,21,1,1,500000.0,20.07,34.03
297,22,2,2,500000.0,18.8,2.0
298,23,3,3,500000.0,17.53,2.0
299,24,4,4,500000.0,16.27,2.0
300,25,1,5,500000.0,25.67,36.83
301,26,2,6,500000.0,24.4,36.2
302,27,3,7,500000.0,23.13,35.57
303,28,4,8,500000.0,21.87,34.93
304,29,1,1,500000.0,23.27,35.63
305,30,2,2,500000.0,22.0,35.0
306,31,3,3,500000.0,20.73,34.37
307,32,4,4,500000.0,19.47,2.0
308,33,1,5,500000.0,28.87,38.43
309,34,2,6,500000.0,27.6,37.8
310,35,3,7,500000.0,26.33,37.17
311,36,4,8,500000.0,25.07,36.53
312,37,1,1,500000.0,26.47,37.23
313,38,2,2,500000.0,25.2,36.6
314,39,3,3,500000.0,23.93,35.97
315,40,4,4,500000.0,22.67,35.33
316,41,1,5,500000.0,32.07,40.03
317,42,2,6,500000.0,30.8,39.4
318,43,3,7,500000.0,29.53,38.77
319,44,4,8,500000.0,28.27,38.13
320,5,1,1,500000.0,13.67,2.0
321,6,2,2,500000.0,12.4,2.0
322,7,3,3,500000.0,11.13,2.0
323,8,4,4,500000.0,9.87,2.0
324,9,1,5,500000.0,19.27,2.0
325,10,2,6,500000.0,18.0,2.0
326,11,3,7,500000.0,16.73,2.0
327,12,4,8,500000.0,15.47,2.0
328,13,1,1,500000.0,16.87,2.0
329,14,2,2,500000.0,15.6,2.0
330,15,3,3,500000.0,14.33,2.0
331,16,4,4,500000.0,13.07,2.0
332,17,1,5,500000.0,22.47,35.23
333,18,2,6,500000.0,21.2,34.6
334,19,3,7,500000.0,19.93,2.0
335,20,4,8,500000.0,18.67,2.0
336,21,1,1,500000.0,20.07,34.03
337,22,2,2,500000.0,18.8,2.0
338,23,3,3,500000.0,17.53,2.0
339,24,4,4,500000.0,16.27,2.0
340,25,1,5,500000.0,25.67,36.83
341,26,2,6,500000.0,24.4,36.2
342,27,3,7,500000.0,23.13,35.57
343,28,4,8,500000.0,21.87,34.93
344,29,1,1,500000.0,23.27,35.63
345,30,2,2,500000.0,22.0,35.0
346,31,3,3,500000.0,20.73,34.37
347,32,4,4,500000.0,19.47,2.0
348,33,1,5,500000.0,28.87,38.43
349,34,2,6,500000.0,27.6,37.8
350,35,3,7,500000.0,26.33,37.17
351,36,4,8,500000.0,25.07,36.53
352,37,1,1,500000.0,26.47,37.23
353,38,2,2,500000.0,25.2,36.6
354,39,3,3,500000.0,23.93,35.97
355,40,4,4,500000.0,22.67,35.33
356,41,1,5,500000.0,32.07,40.03
357,42,2,6,500000.0,30.8,39.4
358,43,3,7,500000.0,29.53,38.77
359,44,4,8,500000.0,28.27,38.13
360,5,1,1,500000.0,13.67,2.0
361,6,2,2,500000.0,12.4,2.0
362,7,3,3,500000.0,11.13,2.0
363,8,4,4,500000.0,9.87,2.0
364,9,1,5,500000.0,19.27,2.0
365,10,2,6,500000.0,18.0,2.0
366,11,3,7,500000.0,16.73,2.0
367,12,4,8,500000.0,15.47,2.0
368,13,1,1,500000.0,16.87,2.0
369,14,2,2,500000.0,15.6,2.0
370,15,3,3,500000.0,14.33,2.0
371,16,4,4,500000.0,13.07,2.0
372,17,1,5,500000.0,22.47,35.23
373,18,2,6,500000.0,21.2,34.6
374,19,3,7,500000.0,19.93,2.0
375,20,4,8,500000.0,18.67,2.0
376,21,1,1,500000.0,20.07,34.03
377,22,2,2,500000.0,18.8,2.0
378,23,3,3,500000.0,17.53,2.0
379,24,4,4,500000.0,16.27,2.0
380,25,1,5,500000.0,25.67,36.83
381,26,2,6,500000.0,24.4,36.2
382,27,3,7,500000.0,23.13,35.57
383,28,4,8,500000.0,21.87,34.93
384,29,1,1,500000.0,23.27,35.63
385,30,2,2,500000.0,22.0,35.0
386,31,3,3,500000.0,20.73,34.37
387,32,4,4,500000.0,19.47,2.0
388,33,1,5,500000.0,28.87,38.43
389,34,2,6,500000.0,27.6,37.8
390,35,3,7,500000.0,26.33,37.17
391,36,4,8,500000.0,25.07,36.53
392,37,1,1,500000.0,26.47,37.23
393,38,2,2,500000.0,25.2,36.6
394,39,3,3,500000.0,23.93,35.97
395,40,4,4,500000.0,22.67,35.33
396,41,1,5,500000.0,32.07,40.03
397,42,2,6,500000.0,30.8,39.4
398,43,3,7,500000.0,29.53,38.77
399,44,4,8,500000.0,28.27,38.13
400,5,1,1,500000.0,13.67,2.0
401,6,2,2,500000.0,12.4,2.0
402,7,3,3,500000.0,11.13,2.0
403,8,4,4,500000.0,9.87,2.0
404,9,1,5,500000.0,19.27,2.0
405,10,2,6,500000.0,18.0,2.0
406,11,3,7,500000.0,16.73,2.0
407,12,4,8,500000.0,15.47,2.0
408,13,1,1,500000.0,16.87,2.0
409,14,2,2,500000.0,15.6,2.0
410,15,3,3,500000.0,14.33,2.0
411,16,4,4,500000.0,13.07,2.0
412,17,1,5,500000.0,22.47,35.23
413,18,2,6,500000.0,21.2,34.6
414,19,3,7,500000.0,19.93,2.0
415,20,4,8,500000.0,18.67,2.0
416,21,1,1,500000.0,20.07,34.03
417,22,2,2,500000.0,18.8,2.0
418,23,3,3,500000.0,17.53,2.0
419,24,4,4,500000.0,16.27,2.0
420,25,1,5,500000.0,25.67,36.83
421,26,2,6,500000.0,24.4,36.2
422,27,3,7,500000.0,23.13,35.57
423,28,4,8,500000.0,21.87,34.93
424,29,1,1,500000.0,23.27,35.63
425,30,2,2,500000.0,22.0,35.0
426,31,3,3,500000.0,20.73,34.37
427,32,4,4,500000.0,19.47,2.0
428,33,1,5,500000.0,28.87,38.43
429,34,2,6,500000.0,27.6,37.8
430,35,3,7,500000.0,26.33,37.17
431,36,4,8,500000.0,25.07,36.53
432,37,1,1,500000.0,26.47,37.23
433,38,2,2,500000.0,25.2,36.6
434,39,3,3,500000.0,23.93,35.97
435,40,4,4,500000.0,22.67,35.33
436,41,1,5,500000.0,32.07,40.03
437,42,2,6,500000.0,30.8,39.4
438,43,3,7,500000.0,29.53,38.77
439,44,4,8,500000.0,28.27,38.13
440,5,1,1,500000.0,13.67,2.0
441,6,2,2,500000.0,12.4,2.0
442,7,3,3,500000.0,11.13,2.0
443,8,4,4,500000.0,9.87,2.0
444,9,1,5,500000.0,19.27,2.0
445,10,2,6,500000.0,18.0,2.0
446,11,3,7,500000.0,16.73,2.0
447,12,4,8,500000.0,15.47,2.0
448,13,1,1,500000.0,16.87,2.0
449,14,2,2,500000.0,15.6,2.0
450,15,3,3,500000.0,14.33,2.0
451,16,4,4,500000.0,13.07,2.0
452,17,1,5,500000.0,22.47,35.23
453,18,2,6,500000.0,21.2,34.6
454,19,3,7,500000.0,19.93,2.0
455,20,4,8,500000.0,18.67,2.0
456,21,1,1,500000.0,20.07,34.03
457,22,2,2,500000.0,18.8,2.0
458,23,3,3,500000.0,17.53,2.0
459,24,4,4,500000.0,16.27,2.0
460,25,1,5,500000.0,25.67,36.83
461,26,2,6,500000.0,24.4,36.2
462,27,3,7,500000.0,23.13,35.57
463,28,4,8,500000.0,21.87,34.93
464,29,1,1,500000.0,23.27,35.63
465,30,2,2,500000.0,22.0,35.0
466,31,3,3,500000.0,20.73,34.37
467,32,4,4,500000.0,19.47,2.0
468,33,1,5,500000.0,28.87,38.43
469,34,2,6,500000.0,27.6,37.8
470,35,3,7,500000.0,26.33,37.17
471,36,4,8,500000.0,25.07,36.53
472,37,1,1,500000.0,26.47,37.23
473,38,2,2,500000.0,25.2,36.6
474,39,3,3,500000.0,23.93,35.97
475,40,4,4,500000.0,22.67,35.33
476,41,1,5,500000.0,32.07,40.03
477,42,2,6,500000.0,30.8,39.4
478,43,3,7,500000.0,29.53,38.77
479,44,4,8,500000.0,28.27,38.13
480,5,1,1,500000.0,13.67,2.0
481,6,2,2,500000.0,12.4,2.0
482,7,3,3,500000.0,11.13,2.0
483,8,4,4,500000.0,9.87,2.0
484,9,1,5,500000.0,19.27,2.0
485,10,2,6,500000.0,18.0,2.0
486,11,3,7,500000.0,16.73,2.0
487,12,4,8,500000.0,15.47,2.0
488,13,1,1,500000.0,16.87,2.0
489,14,2,2,500000.0,15.6,2.0
490,15,3,3,500000.0,14.33,2.0
491,16,4,4,500000.0,13.07,2.0
492,17,1,5,500000.0,22.47,35.23
493,18,2,6,500000.0,21.2,34.6
494,19,3,7,500000.0,19.93,2.0
495,20,4,8,500000.0,18.67,2.0
496,21,1,1,500000.0,20.07,34.03
497,22,2,2,500000.0,18.8,2.0
498,23,3,3,500000.0,17.53,2.0
499,24,4,4,500000.0,16.27,2.0
500,25,1,5,500000.0,25.67,36.83
501,26,2,6,500000.0,24.4,36.2
502,27,3,7,500000.0,23.13,35.57
503,28,4,8,500000.0,21.87,34.93
504,29,1,1,500000.0,23.27,35.63
505,30,2,2,500000.0,22.0,35.0
506,31,3,3,500000.0,20.73,34.37
507,32,4,4,500000.0,19.47,2.0
508,33,1,5,500000.0,28.87,38.43
509,34,2,6,500000.0,27.6,37.8
510,35,3,7,500000.0,26.33,37.17
511,36,4,8,500000.0,25.07,36.53
512,37,1,1,500000.0,26.47,37.23
513,38,2,2,500000.0,25.2,36.6
514,39,3,3,500000.0,23.93,35.97
515,40,4,4,500000.0,22.67,35.33
516,41,1,5,500000.0,32.07,40.03
517,42,2,6,500000.0,30.8,39.4
518,43,3,7,500000.0,29.53,38.77
519,44,4,8,500000.0,28.27,38.13
520,5,1,1,500000.0,13.67,2.0
521,6,2,2,500000.0,12.4,2.0
522,7,3,3,500000.0,11.13,2.0
523,8,4,4,500000.0,9.87,2.0
524,9,1,5,500000.0,19.27,2.0
525,10,2,6,500000.0,18.0,2.0
526,11,3,7,500000.0,16.73,2.0
527,12,4,8,500000.0,15.47,2.0
528,13,1,1,500000.0,16.87,2.0
529,14,2,2,500000.0,15.6,2.0
530,15,3,3,500000.0,14.33,2.0
531,16,4,4,500000.0,13.07,2.0
532,17,1,5,500000.0,22.47,35.23
533,18,2,6,500000.0,21.2,34.6
534,19,3,7,500000.0,19.93,2.0
535,20,4,8,500000.0,18.67,2.0
536,21,1,1,500000.0,20.07,34.03
537,22,2,2,500000.0,18.8,2.0
538,23,3,3,500000.0,17.53,2.0
539,24,4,4,500000.0,16.27,2.0
540,25,1,5,500000.0,25.67,36.83
541,26,2,6,500000.0,24.4,36.2
542,27,3,7,500000.0,23.13,35.57
543,28,4,8,500000.0,21.87,34.93
544,29,1,1,500000.0,23.27,35.63
545,30,2,2,500000.0,22.0,35.0
546,31,3,3,500000.0,20.73,34.37
547,32,4,4,500000.0,19.47,2.0
548,33,1,5,500000.0,28.87,38.43
549,34,2,6,500000.0,27.6,37.8
550,35,3,7,500000.0,26.33,37.17
551,36,4,8,500000.0,25.07,36.53
552,37,1,1,500000.0,26.47,37.23
553,38,2,2,500000.0,25.2,36.6
554,39,3,3,500000.0,23.93,35.97
555,40,4,4,500000.0,22.67,35.33
556,41,1,5,500000.0,32.07,40.03
557,42,2,6,500000.0,30.8,39.4
558,43,3,7,500000.0,29.53,38.77
559,44,4,8,500000.0,28.27,38.13
560,5,1,1,500000.0,13.67,2.0
561,6,2,2,500000.0,12.4,2.0
562,7,3,3,500000.0,11.13,2.0
563,8,4,4,500000.0,9.87,2.0
564,9,1,5,500000.0,19.27,2.0
565,10,2,6,500000.0,18.0,2.0
566,11,3,7,500000.0,16.73,2.0
567,12,4,8,500000.0,15.47,2.0
568,13,1,1,500000.0,16.87,2.0
569,14,2,2,500000.0,15.6,2.0
570,15,3,3,500000.0,14.33,2.0
571,16,4,4,500000.0,13.07,2.0
572,17,1,5,500000.0,22.47,35.23
573,18,2,6,500000.0,21.2,34.6
574,19,3,7,500000.0,19.93,2.0
575,20,4,8,500000.0,18.67,2.0
576,21,1,1,500000.0,20.07,34.03
577,22,2,2,500000.0,18.8,2.0
578,23,3,3,500000.0,17.53,2.0
579,24,4,4,500000.0,16.27,2.0
580,25,1,5,500000.0,25.67,36.83
581,26,2,6,500000.0,24.4,36.2
582,27,3,7,500000.0,23.13,35.57
583,28,4,8,500000.0,21.87,34.93
584,29,1,1,500000.0,23.27,35.63
585,30,2,2,500000.0,22.0,35.0
586,31,3,3,500000.0,20.73,34.37
587,32,4,4,500000.0,19.47,2.0
588,33,1,5,500000.0,28.87,38.43
589,34,2,6,500000.0,27.6,37.8
590,35,3,7,500000.0,26.33,37.17
591,36,4,8,500000.0,25.07,36.53
592,37,1,1,500000.0,26.47,37.23
593,38,2,2,500000.0,25.2,36.6
594,39,3,3,500000.0,23.93,35.97
595,40,4,4,500000.0,22.67,35.33
596,41,1,5,500000.0,32.07,40.03
597,42,2,6,500000.0,30.8,39.4
598,43,3,7,500000.0,29.53,38.77
599,44,4,8,500000.0,28.27,38.13
600,5,1,1,500000.0,13.67,2.0
601,6,2,2,500000.0,12.4,2.0
602,7,3,3,500000.0,11.13,2.0
603,8,4,4,500000.0,9.87,2.0
604,9,1,5,500000.0,19.27,2.0
605,10,2,6,500000.0,18.0,2.0
606,11,3,7,500000.0,16.73,2.0
607,12,4,8,500000.0,15.47,2.0
608,13,1,1,500000.0,16.87,2.0
609,14,2,2,500000.0,15.6,2.0
610,15,3,3,500000.0,14.33,2.0
611,16,4,4,500000.0,13.07,2.0
612,17,1,5,500000.0,22.47,35.23
613,18,2,6,500000.0,21.2,34.6
614,19,3,7,500000.0,19.93,2.0
615,20,4,8,500000.0,18.67,2.0
616,21,1,1,500000.0,20.07,34.03
617,22,2,2,500000.0,18.8,2.0
618,23,3,3,500000.0,17.53,2.0
619,24,4,4,500000.0,16.27,2.0
620,25,1,5,500000.0,25.67,36.83
621,26,2,6,500000.0,24.4,36.2
622,27,3,7,500000.0,23.13,35.57
623,28,4,8,500000.0,21.87,34.93
624,29,1,1,500000.0,23.27,35.63
625,30,2,2,500000.0,22.0,35.0
626,31,3,3,500000.0,20.73,34.37
627,32,4,4,500000.0,19.47,2.0
628,33,1,5,500000.0,28.87,38.43
629,34,2,6,500000.0,27.6,37.8
630,35,3,7,500000.0,26.33,37.17
631,36,4,8,500000.0,25.07,36.53
632,37,1,1,500000.0,26.47,37.23
633,38,2,2,500000.0,25.2,36.6
634,39,3,3,500000.0,23.93,35.97
635,40,4,4,500000.0,22.67,35.33
636,41,1,5,500000.0,32.07,40.03
637,42,2,6,500000.0,30.8,39.4
638,43,3,7,500000.0,29.53,38.77
639,44,4,8,500000.0,28.27,38.13
640,5,1,1,500000.0,13.67,2.0
641,6,2,2,500000.0,12.4,2.0
642,7,3,3,500000.0,11.13,2.0
643,8,4,4,500000.0,9.87,2.0
644,9,1,5,500000.0,19.27,2.0
645,10,2,6,500000.0,18.0,2.0
646,11,3,7,500000.0,16.73,2.0
647,12,4,8,500000.0,15.47,2.0
648,13,1,1,500000.0,16.87,2.0
649,14,2,2,500000.0,15.6,2.0
650,15,3,3,500000.0,14.33,2.0
651,16,4,4,500000.0,13.07,2.0
652,17,1,5,500000.0,22.47,35.23
653,18,2,6,500000.0,21.2,34.6
654,19,3,7,500000.0,19.93,2.0
655,20,4,8,500000.0,18.67,2.0
656,21,1,1,500000.0,20.07,34.03
657,22,2,2,500000.0,18.8,2.0
658,23,3,3,500000.0,17.53,2.0
659,24,4,4,500000.0,16.27,2.0
660,25,1,5,500000.0,25.67,36.83
661,26,2,6,500000.0,24.4,36.2
662,27,3,7,500000.0,23.13,35.57
663,28,4,8,500000.0,21.87,34.93
664,29,1,1,500000.0,23.27,35.63
665,30,2,2,500000.0,22.0,35.0
666,31,3,3,500000.0,20.73,34.37
667,32,4,4,500000.0,19.47,2.0
668,33,1,5,500000.0,28.87,38.43
669,34,2,6,500000.0,27.6,37.8
670,35,3,7,500000.0,26.33,37.17
671,36,4,8,500000.0,25.07,36.53
672,37,1,1,500000.0,26.47,37.23
673,38,2,2,500000.0,25.2,36.6
674,39,3,3,500000.0,23.93,35.97
675,40,4,4,500000.0,22.67,35.33
676,41,1,5,500000.0,32.07,40.03
677,42,2,6,500000.0,30.8,39.4
678,43,3,7,500000.0,29.53,38.77
679,44,4,8,500000.0,28.27,38.13
680,5,1,1,500000.0,13.67,2.0
681,6,2,2,500000.0,12.4,2.0
682,7,3,3,500000.0,11.13,2.0
683,8,4,4,500000.0,9.87,2.0
684,9,1,5,500000.0,19.27,2.0
685,10,2,6,500000.0,18.0,2.0
686,11,3,7,500000.0,16.73,2.0
687,12,4,8,500000.0,15.47,2.0
688,13,1,1,500000.0,16.87,2.0
689,14,2,2,500000.0,15.6,2.0
690,15,3,3,500000.0,14.33,2.0
691,16,4,4,500000.0,13.07,2.0
692,17,1,5,500000.0,22.47,35.23
693,18,2,6,500000.0,21.2,34.6
694,19,3,7,500000.0,19.93,2.0
695,20,4,8,500000.0,18.67,2.0
696,21,1,1,500000.0,20.07,34.03
697,22,2,2,500000.0,18.8,2.0
698,23,3,3,500000.0,17.53,2.0
699,24,4,4,500000.0,16.27,2.0
700,25,1,5,500000.0,25.67,36.83
701,26,2,6,500000.0,24.4,36.2
702,27,3,7,500000.0,23.13,35.57
703,28,4,8,500000.0,21.87,34.93
704,29,1,1,500000.0,23.27,35.63
705,30,2,2,500000.0,22.0,35.0
706,31,3,3,500000.0,20.73,34.37
707,32,4,4,500000.0,19.47,2.0
708,33,1,5,500000.0,28.87,38.43
709,34,2,6,500000.0,27.6,37.8
710,35,3,7,500000.0,26.33,37.17
711,36,4,8,500000.0,25.07,36.53
712,37,1,1,500000.0,26.47,37.23
713,38,2,2,500000.0,25.2,36.6
714,39,3,3,500000.0,23.93,35.97
715,40,4,4,500000.0,22.67,35.33
716,41,1,5,500000.0,32.07,40.03
717,42,2,6,500000.0,30.8,39.4
718,43,3,7,500000.0,29.53,38.77
719,44,4,8,500000.0,28.27,38.13
720,5,1,1,500000.0,13.67,2.0
721,6,2,2,500000.0,12.4,2.0
722,7,3,3,500000.0,11.13,2.0
723,8,4,4,500000.0,9.87,2.0
724,9,1,5,500000.0,19.27,2.0
725,10,2,6,500000.0,18.0,2.0
726,11,3,7,500000.0,16.73,2.0
727,12,4,8,500000.0,15.47,2.0
728,13,1,1,500000.0,16.87,2.0
729,14,2,2,500000.0,15.6,2.0
730,15,3,3,500000.0,14.33,2.0
731,16,4,4,500000.0,13.07,2.0
732,17,1,5,500000.0,22.47,35.23
733,18,2,6,500000.0,21.2,34.6
734,19,3,7,500000.0,19.93,2.0
735,20,4,8,500000.0,18.67,2.0
736,21,1,1,500000.0,20.07,34.03
737,22,2,2,500000.0,18.8,2.0
738,23,3,3,500000.0,17.53,2.0
739,24,4,4,500000.0,16.27,2.0
740,25,1,5,500000.0,25.67,36.83
741,26,2,6,500000.0,24.4,36.2
742,27,3,7,500000.0,23.13,35.57
743,28,4,8,500000.0,21.87,34.93
744,29,1,1,500000.0,23.27,35.63
745,30,2,2,500000.0,22.0,35.0
746,31,3,3,500000.0,20.73,34.37
747,32,4,4,500000.0,19.47,2.0
748,33,1,5,500000.0,28.87,38.43
749,34,2,6,500000.0,27.6,37.8
750,35,3,7,500000.0,26.33,37.17
751,36,4,8,500000.0,25.07,36.53
752,37,1,1,500000.0,26.47,37.23
753,38,2,2,500000.0,25.2,36.6
754,39,3,3,500000.0,23.93,35.97
755,40,4,4,500000.0,22.67,35.33
756,41,1,5,500000.0,32.07,40.03
757,42,2,6,500000.0,30.8,39.4
758,43,3,7,500000.0,29.53,38.77
759,44,4,8,500000.0,28.27,38.13
760,5,1,1,500000.0,13.67,2.0
761,6,2,2,500000.0,12.4,2.0
762,7,3,3,500000.0,11.13,2.0
763,8,4,4,500000.0,9.87,2.0
764,9,1,5,500000.0,19.27,2.0
765,10,2,6,500000.0,18.0,2.0
766,11,3,7,500000.0,16.73,2.0
767,12,4,8,500000.0,15.47,2.0
768,13,1,1,500000.0,16.87,2.0
769,14,2,2,500000.0,15.6,2.0
770,15,3,3,500000.0,14.33,2.0
771,16,4,4,500000.0,13.07,2.0
772,17,1,5,500000.0,22.47,35.23
773,18,2,6,500000.0,21.2,34.6
774,19,3,7,500000.0,19.93,2.0
775,20,4,8,500000.0,18.67,2.0
776,21,1,1,500000.0,20.07,34.03
777,22,2,2,500000.0,18.8,2.0
778,23,3,3,500000.0,17.53,2.0
779,24,4,4,500000.0,16.27,2.0
780,25,1,5,500000.0,25.67,36.83
781,26,2,6,500000.0,24.4,36.2
782,27,3,7,500000.0,23.13,35.57
783,28,4,8,500000.0,21.87,34.93
784,29,1,1,500000.0,23.27,35.63
785,30,2,2,500000.0,22.0,35.0
786,31,3,3,500000.0,20.73,34.37
787,32,4,4,500000.0,19.47,2.0
788,33,1,5,500000.0,28.87,38.43
789,34,2,6,500000.0,27.6,37.8
790,35,3,7,500000.0,26.33,37.17
791,36,4,8,500000.0,25.07,36.53
792,37,1,1,500000.0,26.47,37.23
793,38,2,2,500000.0,25.2,36.6
794,39,3,3,500000.0,23.93,35.97
795,40,4,4,500000.0,22.67,35.33
796,41,1,5,500000.0,32.07,40.03
797,42,2,6,500000.0,30.8,39.4
798,43,3,7,500000.0,29.53,38.77
799,44,4,8,500000.0,28.27,38.13
800,5,1,1,500000.0,13.67,2.0
801,6,2,2,500000.0,12.4,2.0
802,7,3,3,500000.0,11.13,2.0
803,8,4,4,500000.0,9.87,2.0
804,9,1,5,500000.0,19.27,2.0
805,10,2,6,500000.0,18.0,2.0
806,11,3,7,500000.0,16.73,2.0
807,12,4,8,500000.0,15.47,2.0
808,13,1,1,500000.0,16.87,2.0
809,14,2,2,500000.0,15.6,2.0
810,15,3,3,500000.0,14.33,2.0
811,16,4,4,500000.0,13.07,2.0
812,17,1,5,500000.0,22.47,35.23
813,18,2,6,500000.0,21.2,34.6
814,19,3,7,500000.0,19.93,2.0
815,20,4,8,500000.0,18.67,2.0
816,21,1,1,500000.0,20.07,34.03
817,22,2,2,500000.0,18.8,2.0
818,23,3,3,500000.0,17.53,2.0
819,24,4,4,500000.0,16.27,2.0
820,25,1,5,500000.0,25.67,36.83
821,26,2,6,500000.0,24.4,36.2
822,27,3,7,500000.0,23.13,35.57
823,28,4,8,500000.0,21.87,34.93
824,29,1,1,500000.0,23.27,35.63
825,30,2,2,500000.0,22.0,35.0
826,31,3,3,500000.0,20.73,34.37
827,32,4,4,500000.0,19.47,2.0
828,33,1,5,500000.0,28.87,38.43
829,34,2,6,500000.0,27.6,37.8
830,35,3,7,500000.0,26.33,37.17
831,36,4,8,500000.0,25.07,36.53
832,37,1,1,500000.0,26.47,37.23
833,38,2,2,500000.0,25.2,36.6
834,39,3,3,500000.0,23.93,35.97
835,40,4,4,500000.0,22.67,35.33
836,41,1,5,500000.0,32.07,40.03
837,42,2,6,500000.0,30.8,39.4
838,43,3,7,500000.0,29.53,38.77
839,44,4,8,500000.0,28.27,38.13
840,5,1,1,500000.0,13.67,2.0
841,6,2,2,500000.0,12.4,2.0
842,7,3,3,500000.0,11.13,2.0
843,8,4,4,500000.0,9.87,2.0
844,9,1,5,500000.0,19.27,2.0
845,10,2,6,500000.0,18.0,2.0
846,11,3,7,500000.0,16.73,2.0
847,12,4,8,500000.0,15.47,2.0
848,13,1,1,500000.0,16.87,2.0
849,14,2,2,500000.0,15.6,2.0
850,15,3,3,500000.0,14.33,2.0
851,16,4,4,500000.0,13.07,2.0
852,17,1,5,500000.0,22.47,35.23
853,18,2,6,500000.0,21.2,34.6
854,19,3,7,500000.0,19.93,2.0
855,20,4,8,500000.0,18.67,2.0
856,21,1,1,500000.0,20.07,34.03
857,22,2,2,500000.0,18.8,2.0
858,23,3,3,500000.0,17.53,2.0
859,24,4,4,500000.0,16.27,2.0
860,25,1,5,500000.0,25.67,36.83
861,26,2,6,500000.0,24.4,36.2
862,27,3,7,500000.0,23.13,35.57
863,28,4,8,500000.0,21.87,34.93
864,29,1,1,500000.0,23.27,35.63
865,30,2,2,500000.0,22.0,35.0
866,31,3,3,500000.0,20.73,34.37
867,32,4,4,500000.0,19.47,2.0
868,33,1,5,500000.0,28.87,38.43
869,34,2,6,500000.0,27.6,37.8
870,35,3,7,500000.0,26.33,37.17
871,36,4,8,500000.0,25.07,36.53
872,37,1,1,500000.0,26.47,37.23
873,38,2,2,500000.0,25.2,36.6
874,39,3,3,500000.0,23.93,35.97
875,40,4,4,500000.0,22.67,35.33
876,41,1,5,500000.0,32.07,40.03
877,42,2,6,500000.0,30.8,39.4
878,43,3,7,500000.0,29.53,38.77
879,44,4,8,500000.0,28.27,38.13
880,5,1,1,500000.0,13.67,2.0
881,6,2,2,500000.0,12.4,2.0
882,7,3,3,500000.0,11.13,2.0
883,8,4,4,500000.0,9.87,2.0
884,9,1,5,500000.0,19.27,2.0
885,10,2,6,500000.0,18.0,2.0
886,11,3,7,500000.0,16.73,2.0
887,12,4,8,500000.0,15.47,2.0
888,13,1,1,500000.0,16.87,2.0
889,14,2,2,500000.0,15.6,2.0
890,15,3,3,500000.0,14.33,2.0
891,16,4,4,500000.0,13.07,2.0
892,17,1,5,500000.0,22.47,35.23
893,18,2,6,500000.0,21.2,34.6
894,19,3,7,500000.0,19.93,2.0
895,20,4,8,500000.0,18.67,2.0
896,21,1,1,500000.0,20.07,34.03
897,22,2,2,500000.0,18.8,2.0
898,23,3,3,500000.0,17.53,2.0
899,24,4,4,500000.0,16.27,2.0
900,25,1,5,500000.0,25.67,36.83
901,26,2,6,500000.0,24.4,36.2
902,27,3,7,500000.0,23.13,35.57
903,28,4,8,500000.0,21.87,34.93
904,29,1,1,500000.0,23.27,35.63
905,30,2,2,500000.0,22.0,35.0
906,31,3,3,500000.0,20.73,34.37
907,32,4,4,500000.0,19.47,2.0
908,33,1,5,500000.0,28.87,38.43
909,34,2,6,500000.0,27.6,37.8
910,35,3,7,500000.0,26.33,37.17
911,36,4,8,500000.0,25.07,36.53
912,37,1,1,500000.0,26.47,37.23
913,38,2,2,500000.0,25.2,36.6
914,39,3,3,500000.0,23.93,35.97
915,40,4,4,500000.0,22.67,35.33
916,41,1,5,500000.0,32.07,40.03
917,42,2,6,500000.0,30.8,39.4
918,43,3,7,500000.0,29.53,38.77
919,44,4,8,500000.0,28.27,38.13
920,5,1,1,500000.0,13.67,2.0
921,6,2,2,500000.0,12.4,2.0
922,7,3,3,500000.0,11.13,2.0
923,8,4,4,500000.0,9.87,2.0
924,9,1,5,500000.0,19.27,2.0
925,10,2,6,500000.0,18.0,2.0
926,11,3,7,500000.0,16.73,2.0
927,12,4,8,500000.0,15.47,2.0
928,13,1,1,500000.0,16.87,2.0
929,14,2,2,500000.0,15.6,2.0
930,15,3,3,500000.0,14.33,2.0
931,16,4,4,500000.0,13.07,2.0
932,17,1,5,500000.0,22.47,35.23
933,18,2,6,500000.0,21.2,34.6
934,19,3,7,500000.0,19.93,2.0
935,20,4,8,500000.0,18.67,2.0
936,21,1,1,500000.0,20.07,34.03
937,22,2,2,500000.0,18.8,2.0
938,23,3,3,500000.0,17.53,2.0
939,24,4,4,500000.0,16.27,2.0
940,25,1,5,500000.0,25.67,36.83
941,26,2,6,500000.0,24.4,36.2
942,27,3,7,500000.0,23.13,35.57
943,28,4,8,500000.0,21.87,34.93
944,29,1,1,500000.0,23.27,35.63
945,30,2,2,500000.0,22.0,35.0
946,31,3,3,500000.0,20.73,34.37
947,32,4,4,500000.0,19.47,2.0
948,33,1,5,500000.0,28.87,38.43
949,34,2,6,500000.0,27.6,37.8
950,35,3,7,500000.0,26.33,37.17
951,36,4,8,500000.0,25.07,36.53
952,37,1,1,500000.0,26.47,37.23
953,38,2,2,500000.0,25.2,36.6
954,39,3,3,500000.0,23.93,35.97
955,40,4,4,500000.0,22.67,35.33
956,41,1,5,500000.0,32.07,40.03
957,42,2,6,500000.0,30.8,39.4
958,43,3,7,500000.0,29.53,38.77
959,44,4,8,500000.0,28.27,38.13
960,5,1,1,500000.0,13.67,2.0
961,6,2,2,500000.0,12.4,2.0
962,7,3,3,500000.0,11.13,2.0
963,8,4,4,500000.0,9.87,2.0
964,9,1,5,500000.0,19.27,2.0
965,10,2,6,500000.0,18.0,2.0
966,11,3,7,500000.0,16.73,2.0
967,12,4,8,500000.0,15.47,2.0
968,13,1,1,500000.0,16.87,2.0
969,14,2,2,500000.0,15.6,2.0
970,15,3,3,500000.0,14.33,2.0
971,16,4,4,500000.0,13.07,2.0
972,17,1,5,500000.0,22.47,35.23
973,18,2,6,500000.0,21.2,34.6
974,19,3,7,500000.0,19.93,2.0
975,20,4,8,500000.0,18.67,2.0
976,21,1,1,500000.0,20.07,34.03
977,22,2,2,500000.0,18.8,2.0
978,23,3,3,500000.0,17.53,2.0
979,24,4,4,500000.0,16.27,2.0
980,25,1,5,500000.0,25.67,36.83
981,26,2,6,500000.0,24.4,36.2
982,27,3,7,500000.0,23.13,35.57
983,28,4,8,500000.0,21.87,34.93
984,29,1,1,500000.0,23.27,35.63
985,30,2,2,500000.0,22.0,35.0
986,31,3,3,500000.0,20.73,34.37
987,32,4,4,500000.0,19.47,2.0
988,33,1,5,500000.0,28.87,38.43
989,34,2,6,500000.0,27.6,37.8
990,35,3,7,500000.0,26.33,37.17
991,36,4,8,500000.0,25.07,36.53
992,37,1,1,500000.0,26.47,37.23
993,38,2,2,500000.0,25.2,36.6
994,39,3,3,500000.0,23.93,35.97
995,40,4,4,500000.0,22.67,35.33
996,41,1,5,500000.0,32.07,40.03
997,42,2,6,500000.0,30.8,39.4
998,43,3,7,500000.0,29.53,38.77
999,44,4,8,500000.0,28.27,38.13
1000,5,1,1,500000.0,13.67,2.0
